label,score
1,128.30255
1,246.16422
1,232.14905
1,266.39594
1,295.50446
1,272.8944
1,255.44484
1,222.77165
1,274.79385
1,162.81528
1,141.72882
1,231.00908
1,277.98303
1,251.83987
1,301.82446
1,224.14844
1,138.67404
1,158.85675
1,297.64908
1,143.64442
1,292.33997
1,260.02502
1,272.70105
1,146.74799
1,256.69644
1,144.84741
1,256.02728
1,146.67465
1,238.78653
1,329.24182
1,247.79193
1,200.4138
1,279.3907
1,293.0333
1,159.94818
1,136.80261
1,238.44168
1,201.23758
1,212.89386
1,151.7052
1,224.76146
1,240.8039
1,211.84024
1,260.9358
1,134.46463
1,180.23784
1,119.58781
1,300.38812
1,172.15092
1,157.80685
1,237.22057
1,158.23468
1,264.50095
1,231.08778
1,253.22693
1,266.3327
1,267.75937
1,162.72299
1,152.4937
1,234.18173
1,135.53238
1,139.68564
1,209.04709
1,217.2029
1,211.88913
1,215.68596
1,249.60323
1,280.82587
1,165.34378
1,244.91187
1,162.1867
1,290.2998
1,142.29532
1,271.66122
1,157.54474
1,154.36406
1,303.8255
1,239.43259
1,237.33424
1,202.6305
1,121.489044
1,281.23328
1,208.53859
1,214.37215
1,135.42079
1,176.19843
1,258.27298
1,247.09047
1,157.99455
1,274.66736
1,287.80896
1,232.15916
1,161.57355
1,165.54895
1,180.56738
1,279.26892
1,248.72731
1,187.45894
1,143.7965
1,225.7497
1,231.33478
1,139.72281
1,125.075165
1,243.50473
1,160.64975
1,154.00333
1,206.11531
1,230.92325
1,258.6455
1,139.22813
1,252.55844
1,128.07758
1,219.6169
1,187.06189
1,199.72546
1,276.99933
1,270.6305
1,212.24779
1,207.94202
1,121.331696
1,155.18027
1,144.9609
1,155.94608
1,243.61386
1,158.60608
1,264.0569
1,242.65051
1,256.18793
1,252.88205
1,255.21185
1,247.82066
1,265.5028
1,211.12726
1,215.81393
1,277.38083
1,185.75523
1,211.6969
1,260.3546
1,253.85841
1,303.30997
1,195.70564
1,269.83917
1,169.71289
1,229.35315
1,273.62354
1,271.43774
1,180.9718
1,240.24074
1,280.8297
1,152.29935
1,252.02866
1,125.86194
1,277.64874
1,151.33162
1,223.57802
1,205.36249
1,284.14764
1,148.04523
1,282.98883
1,241.20721
1,205.18388
1,192.26396
1,199.3425
1,244.49718
1,259.61285
1,160.13193
1,121.59241
1,268.04767
1,148.62906
1,143.88954
1,241.88852
1,178.81238
1,144.47525
1,269.49567
1,261.68918
1,157.36142
1,262.14038
1,238.39066
1,140.59583
1,257.44098
1,164.42734
1,193.69308
1,177.4862
1,325.34814
1,247.31628
1,198.96417
1,223.06126
1,294.4351
1,151.10721
1,210.84227
1,287.9209
1,214.36128
1,224.97798
1,302.62164
1,220.17068
1,238.10107
1,267.16803
1,280.2174
1,191.98863
1,205.95392
1,138.71785
1,192.55515
1,160.32967
1,214.9208
1,279.56427
1,205.33237
1,180.01007
1,228.7326
1,281.59937
1,366.63104
1,199.04848
1,304.42813
1,272.2721
1,219.45908
1,209.85324
1,203.67159
1,215.12946
1,285.02057
1,214.5701
1,211.26169
1,291.467
1,232.95715
1,270.1855
1,211.87819
1,155.80011
1,277.57977
1,201.9627
1,240.69235
1,145.71007
1,264.83725
1,148.91776
1,135.9863
1,149.37079
1,202.40573
1,231.7453
1,232.03734
1,232.958
1,140.56606
1,220.87305
1,289.984
1,153.46622
1,266.50766
1,182.6225
1,276.00702
1,205.61423
1,140.6618
1,263.39197
1,402.61987
1,131.52507
1,262.17526
1,157.24725
1,248.4347
1,250.68283
1,237.02336
1,171.22551
1,117.041534
1,142.88397
1,194.55067
1,218.7642
1,222.36977
1,210.9957
1,222.8805
1,222.64072
1,263.84363
1,159.75748
1,132.54736
1,221.53436
1,233.35985
1,307.5302
1,224.96747
1,158.89023
1,228.73877
1,152.72537
1,154.02368
1,229.61783
1,152.1411
1,238.66296
1,184.47064
1,252.01028
1,212.09915
1,209.94055
1,146.59178
1,201.66379
1,276.10388
1,175.29428
1,218.14673
1,148.26906
1,243.8226
1,148.0374
1,170.26105
1,116.21987
1,233.78703
1,271.4831
1,133.67346
1,273.34665
1,118.57965
1,120.72467
1,212.1535
1,223.63983
1,199.82822
1,182.66986
1,279.12228
1,321.51422
1,143.28372
1,160.5043
1,187.09547
1,215.82855
1,217.28978
1,285.2363
1,147.548
1,354.2307
1,163.96317
1,259.6862
1,310.76315
1,252.59325
1,141.20578
1,231.50252
1,264.68582
1,174.5357
1,267.5866
1,216.96494
1,161.7025
1,148.36185
1,155.36668
1,263.97876
1,265.58282
1,214.21112
1,220.13226
1,152.60095
1,283.16614
1,383.35846
1,224.96881
1,202.48624
1,213.26349
1,211.6499
1,141.53886
1,199.79616
1,148.27612
1,288.82288
1,147.1799
1,147.57915
1,422.7628
1,246.98688
1,229.86911
1,287.22986
1,238.63705
1,231.45065
1,249.28143
1,143.2345
1,155.24501
1,234.6987
1,251.11658
1,270.86588
1,198.0918
1,146.41089
1,216.91286
1,315.06775
1,247.02579
1,219.65
1,112.70273
1,203.16364
1,292.78818
1,323.89453
1,217.60625
1,216.66957
1,245.68271
1,256.57034
1,264.7486
1,239.60419
1,266.517
1,193.82031
1,160.47137
1,138.18858
1,195.75941
1,296.83008
1,285.89038
1,196.55896
1,287.41187
1,317.4264
1,218.7282
1,154.16534
1,210.55127
1,241.55347
1,254.63951
1,173.35188
1,205.3212
1,195.7595
1,233.82156
1,149.8823
1,197.92792
1,218.81554
1,235.5173
1,284.7766
1,274.8769
1,219.66382
1,249.85829
1,194.733
1,236.62276
1,222.70639
1,210.95547
1,316.75092
1,254.89938
1,172.73154
1,208.57175
1,278.85083
1,129.48795
1,228.18073
1,158.22975
1,271.3857
1,193.61601
1,173.5299
1,321.78918
1,271.06287
1,143.526
1,136.1782
1,182.84926
1,291.19653
1,247.54062
1,142.86256
1,145.72417
1,235.3229
1,261.2213
1,156.8525
1,209.2315
1,221.7851
1,151.95932
1,216.4039
1,204.36075
1,199.97522
1,241.76999
1,248.61736
1,204.58565
1,250.52492
1,218.40558
1,156.27176
1,162.78584
1,238.24742
1,234.29973
1,138.33551
1,155.59988
1,241.46597
1,240.04883
1,283.5371
1,290.8526
1,269.8316
1,163.15225
1,262.4017
1,170.19116
1,248.80038
1,197.89824
1,197.98332
1,141.49985
1,230.26271
1,198.56467
1,253.81519
1,254.42111
1,159.42868
1,215.37344
1,223.05255
1,253.47205
1,285.42493
1,241.4114
1,235.26917
1,181.6726
1,203.39091
1,151.1126
1,256.26892
1,251.28578
1,305.13043
1,297.36188
1,261.05048
1,260.04053
1,231.19896
1,200.02373
1,279.1253
1,293.4823
1,228.76254
1,130.86417
1,235.38548
1,169.13583
1,250.67035
1,203.01318
1,228.10175
1,283.1895
1,258.53564
1,236.884
1,197.7241
1,281.43478
1,277.91245
1,128.30222
1,192.65862
1,295.84274
1,238.16151
1,247.5101
1,257.8775
1,216.95663
1,173.65431
1,285.1475
1,141.50789
1,216.40802
1,228.41092
1,141.71729
1,161.06816
1,243.09277
1,150.48706
1,278.10516
1,131.29239
1,142.21445
1,152.16791
1,217.04636
1,230.64493
1,304.3955
1,149.21964
1,213.49524
1,301.66638
1,139.04103
1,280.7983
1,212.40353
1,213.66873
1,253.04431
1,278.97485
1,144.9243
1,200.91003
1,149.74207
1,248.93622
1,254.59526
1,153.90596
1,271.29132
1,211.46979
1,216.1788
1,227.05954
1,230.44336
1,215.4779
1,244.07422
1,142.07275
1,167.14252
1,144.44722
1,229.07478
1,217.97972
1,157.51382
1,222.13187
1,220.70636
1,217.18597
1,250.23907
1,213.6116
1,195.528
1,119.49317
1,251.33127
1,159.27222
1,289.22427
1,200.81345
1,147.1465
1,136.68503
1,261.24805
1,280.8786
1,257.26355
1,301.99203
1,205.17815
1,208.61124
1,219.62283
1,143.51614
1,265.14694
1,219.2211
1,129.07178
1,270.05792
1,197.23615
1,301.43674
1,280.2865
1,378.53085
1,231.42535
1,244.51845
1,181.33844
1,132.93735
1,148.83957
1,211.34262
1,203.12903
1,298.80615
1,203.70927
1,143.68692
1,136.66187
1,211.22235
1,274.4916
1,161.49886
1,289.32007
1,139.92119
1,219.9312
1,222.37775
1,200.40613
1,190.39368
1,149.13194
1,387.9685
1,199.11047
1,183.45088
1,213.58159
1,245.84103
1,214.68564
1,161.0274
1,159.65714
1,236.56696
1,166.61792
1,169.55453
1,127.150665
1,246.54297
1,209.97324
1,215.82578
1,239.11731
1,128.8295
1,199.40613
1,144.19638
1,216.55872
1,238.44061
1,204.16968
1,241.12704
1,252.3135
1,247.87512
1,286.95923
1,248.10529
1,219.63829
1,190.93585
1,225.7379
1,140.3627
1,169.21431
1,141.50668
1,162.08109
1,156.5951
1,235.17462
1,164.43428
1,201.70508
1,166.83235
1,240.17943
1,163.97537
1,239.0163
1,225.4536
1,216.37459
1,183.22925
1,231.97818
1,219.57587
1,241.71918
1,203.30173
1,220.29979
1,136.67192
1,219.94708
1,267.2293
1,140.56424
1,136.68799
1,162.72482
1,229.40683
1,145.3432
1,265.07477
1,204.68292
1,235.45042
1,201.88147
1,280.92685
1,122.01775
1,238.9656
1,268.03424
1,232.03268
1,184.69905
1,212.8837
1,239.11134
1,209.32355
1,135.46382
1,203.81238
1,142.4527
1,215.12878
1,210.61443
1,254.65701
1,257.89862
1,242.78369
1,147.78423
1,124.98856
1,214.12671
1,256.95367
1,280.10327
1,151.83972
1,246.05844
1,305.94473
1,198.20639
1,158.32455
1,270.46133
1,259.8661
1,287.6928
1,275.511
1,146.92657
1,202.06122
1,254.02051
1,238.52814
1,283.50302
1,223.62546
1,287.21344
1,211.18779
1,217.67448
1,223.64317
1,228.25493
1,201.54036
1,227.20605
1,255.84756
1,206.5067
1,240.09631
1,248.84314
1,275.2962
1,255.37234
1,163.79356
1,232.58102
1,222.50163
1,156.55705
1,155.31126
1,138.81128
1,249.57
1,210.03403
1,259.69492
1,304.6195
1,148.71272
1,162.49289
1,240.5799
1,215.74405
1,160.18419
1,135.54276
1,267.7122
1,220.53564
1,153.63187
1,156.51044
1,203.86203
1,265.17108
1,277.4325
1,248.01988
1,272.04852
1,247.19612
1,224.09644
1,217.64081
1,148.3448
1,229.96948
1,237.62839
1,227.97859
1,297.44342
1,227.59198
1,268.14148
1,204.84503
1,254.60098
1,205.17947
1,256.6817
1,199.39996
1,234.9797
1,187.98131
1,261.50757
1,263.22668
1,291.98126
1,227.87987
1,213.32468
1,130.57431
1,266.1435
1,206.19958
1,242.4722
1,215.71301
1,271.76855
1,253.78079
1,212.04428
1,264.22763
1,141.77652
1,189.90546
1,222.76324
1,232.27303
1,295.94287
1,310.8322
1,197.74182
1,250.77261
1,226.44286
1,147.51657
1,284.31293
1,209.88834
1,191.05511
1,230.48683
1,234.98404
1,239.2143
1,226.84929
1,279.07874
1,228.1091
1,223.33464
1,210.13025
1,208.67377
1,148.96892
1,290.17908
1,249.35538
1,149.54729
1,290.03076
1,200.73532
1,195.81485
1,184.24506
1,244.71275
1,161.32779
1,292.05792
1,142.36972
1,173.47447
1,128.45226
1,206.21954
1,222.51074
1,197.19388
1,272.05417
1,177.57498
1,307.4185
1,141.46936
1,219.86801
1,206.42758
1,163.93033
1,230.75052
1,243.88144
1,191.99323
1,237.69934
1,312.97873
1,139.41408
1,242.76254
1,151.27766
1,201.33076
1,141.92072
1,225.02202
1,223.67007
1,226.91512
1,241.60611
1,212.38908
1,256.62244
1,208.15128
1,126.25798
1,259.18414
1,257.78107
1,252.21562
1,198.52026
1,173.10118
1,283.30524
1,280.56036
1,254.52676
1,165.22693
1,168.62839
1,255.78291
1,240.83069
1,194.26593
1,216.51675
1,256.48483
1,144.62112
1,255.97467
1,222.67043
1,156.28458
1,273.72577
1,229.41661
1,203.80588
1,138.29242
1,188.07672
1,308.60156
1,231.27634
1,213.85005
1,153.74924
1,332.60342
1,280.53937
1,256.2976
1,161.48767
1,220.58932
1,260.91144
1,296.30923
1,153.25348
1,241.37201
1,140.31491
1,211.17787
1,209.56668
1,247.64598
1,225.66484
1,237.0489
1,247.05772
1,283.84955
1,304.7975
1,213.97784
1,221.61891
1,147.88715
1,265.65466
1,285.9791
1,227.26047
1,207.4588
1,145.08339
1,215.33685
1,137.5936
1,220.81224
1,202.1464
1,163.22081
1,140.17578
1,221.92502
1,232.9704
1,247.83867
1,242.52075
1,169.90463
1,234.80936
1,242.85876
1,224.58331
1,309.45782
1,136.14764
1,133.02545
1,217.61911
1,197.57149
1,195.14304
1,260.52332
1,229.0346
1,245.51003
1,278.2117
1,248.1549
1,151.16772
1,290.52158
1,198.28947
1,182.9643
1,185.96432
1,173.14197
1,230.98572
1,217.05325
1,259.08044
1,144.93343
1,158.36063
1,153.37625
1,130.75381
1,200.61594
1,214.63559
1,297.83047
1,228.40189
1,234.54108
1,142.64297
1,212.88663
1,191.47559
1,268.4605
1,247.84637
1,217.46555
1,184.77328
1,246.95471
1,152.65756
1,265.54468
1,267.9655
1,274.813
1,245.54805
1,118.28423
1,246.57051
1,221.51729
1,254.8578
1,212.8985
1,272.0531
1,150.02292
1,297.5392
1,218.27795
1,197.44489
1,159.15695
1,264.62076
1,149.58319
1,269.1241
1,141.11115
1,151.8875
1,200.38779
1,299.89624
1,236.92189
1,323.43063
1,441.5106
1,156.65454
1,138.17435
1,173.39342
1,246.11647
1,213.58614
1,131.48889
1,142.36185
1,137.73746
1,258.55475
1,227.48712
1,252.18445
1,232.3013
1,253.74953
1,265.82333
1,372.81122
1,123.24575
1,209.22107
1,246.52509
1,216.68732
1,205.20778
1,140.36447
1,148.98758
1,138.51414
1,207.67058
1,236.01068
1,135.23138
1,214.78531
1,195.49567
1,211.17563
1,283.09888
1,137.41837
1,243.01846
1,238.50867
1,249.04115
1,206.16412
1,130.38809
1,186.80518
1,140.06613
1,214.04205
1,200.45901
1,192.82404
1,280.57718
1,264.18506
1,221.89911
1,264.82507
1,203.51147
1,218.67291
1,266.57172
1,230.56009
1,225.57373
1,119.10856
1,194.19891
1,145.87491
1,234.09174
1,303.4773
1,235.47005
1,274.54596
1,134.26807
1,384.8567
1,191.34444
1,147.8482
1,260.85025
1,145.06674
1,142.39436
1,280.02066
1,139.88469
1,148.86064
1,312.15787
1,223.35597
1,257.45602
1,255.99991
1,115.86964
1,309.2044
1,172.47528
1,249.57924
1,273.69244
1,255.04218
1,256.99884
1,194.55139
1,213.79668
1,159.74973
1,139.38904
1,276.1154
1,210.34439
1,279.6483
1,140.23979
1,215.79782
1,209.6476
1,253.8108
1,187.39975
1,208.25023
1,194.7431
1,285.85962
1,217.68501
1,205.36813
1,197.06784
1,143.15276
1,268.52228
1,225.29742
1,196.0881
1,119.98377
1,178.86996
1,160.423
1,130.2327
1,142.87662
1,131.78366
1,151.3722
1,281.0592
1,164.2812
1,249.60669
1,254.41272
1,263.28967
1,150.39246
1,231.29462
1,151.017
1,264.79846
1,209.8549
1,141.02533
1,267.57916
1,187.48643
1,246.55481
1,193.5923
1,292.0338
1,314.6509
1,381.05676
1,220.46687
1,308.34167
1,273.22385
1,212.44563
1,169.16432
1,288.2364
1,198.33163
1,226.00107
1,210.68884
1,245.60623
1,231.58005
1,213.90489
1,251.19974
1,232.32358
1,227.94034
1,234.66861
1,239.90912
1,295.54697
1,239.50165
1,262.7938
1,225.05566
1,247.07126
1,222.25893
1,232.56458
1,180.14775
1,131.08177
1,190.42502
1,252.68387
1,261.4997
1,243.46158
1,212.44823
1,262.51627
1,282.8216
1,196.81662
1,166.16968
1,227.08032
1,285.7362
1,248.44022
1,180.5156
1,199.48343
1,154.86102
1,246.91348
1,192.35724
1,246.01276
1,154.67307
1,235.4433
1,219.59344
1,263.08594
1,231.00386
1,180.68625
1,195.33623
1,189.96172
1,152.9436
1,141.53748
1,205.81221
1,183.55347
1,265.47528
1,157.30106
1,266.77805
1,250.30481
1,247.14716
1,300.28912
1,161.7619
1,193.04248
1,251.28534
1,212.58185
1,123.92272
1,211.5051
1,143.16151
1,285.57733
1,171.87778
1,155.1461
1,132.43091
1,153.7019
1,264.54034
1,161.28258
1,258.5465
1,130.87987
1,205.91496
1,133.4653
1,259.08786
1,235.3507
1,257.45758
1,198.33722
1,228.73383
1,313.7447
1,194.84926
1,231.75682
1,290.90894
1,211.49283
1,145.57664
1,291.7295
1,235.74213
1,156.98746
1,145.35239
1,189.44424
1,196.47499
1,189.50238
1,260.30444
1,220.92104
1,246.1906
1,237.29236
1,217.03207
1,285.19403
1,226.13785
1,115.02985
1,160.01422
1,171.59534
1,274.30792
1,256.3451
1,217.53876
1,181.11287
1,240.65033
1,270.33185
1,132.21089
1,279.40436
1,203.0069
1,252.79173
1,269.73303
1,152.18109
1,268.8434
1,234.63345
1,141.94525
1,137.2436
1,248.24869
1,287.88654
1,195.54291
1,252.54471
1,248.26602
1,184.97028
1,277.80994
1,255.7186
1,169.16177
1,191.0957
1,270.33887
1,207.20288
1,185.84619
1,242.74051
1,158.35492
1,240.09332
1,210.90009
1,303.5374
1,158.20209
1,237.32751
1,145.14389
1,325.0146
1,289.66733
1,144.21512
1,251.08768
1,256.82867
1,159.32462
1,217.69212
1,281.72626
1,165.49533
1,237.4099
1,283.84546
1,227.51578
1,335.39233
1,164.81093
1,381.1895
1,153.1524
1,219.33803
1,344.05994
1,270.01324
1,148.48434
1,244.33925
1,271.97467
1,173.97513
1,325.70404
1,223.66647
1,279.3088
1,227.32782
1,246.94351
1,249.27394
1,210.60698
1,208.1634
1,173.30841
1,268.34137
1,345.20593
1,235.12538
1,247.80246
1,409.17517
1,150.9782
1,249.33588
1,218.2344
1,313.7002
1,213.22116
1,125.184685
1,145.77054
1,228.78134
1,196.34364
1,253.1047
1,215.35986
1,230.7311
1,147.22583
1,135.19226
1,218.39894
1,269.94678
1,205.18802
1,283.92746
1,247.88362
1,254.1307
1,252.5733
1,158.34973
1,240.86446
1,391.6407
1,204.77951
1,156.00851
1,153.3806
1,158.76141
1,208.14697
1,163.64679
1,161.65875
1,152.16791
1,230.68428
1,239.72495
1,250.49834
1,146.19485
1,119.788734
1,143.12451
1,228.41096
1,262.5245
1,225.7562
1,237.47034
1,206.09767
1,234.95702
1,126.556404
1,239.23944
1,263.42242
1,138.76492
1,145.09732
1,281.69263
1,246.86209
1,264.18115
1,244.01808
1,220.60306
1,365.12762
1,244.33469
1,211.05109
1,131.96336
1,137.42046
1,268.3719
1,218.18929
1,201.70074
1,230.15659
1,210.96573
1,140.85297
1,246.8882
1,216.40463
1,167.54764
1,226.50336
1,228.9526
1,236.55553
1,152.17809
1,138.02736
1,230.8678
1,142.81888
1,199.42316
1,268.661
1,146.61095
1,182.57573
1,246.76361
1,162.37756
1,123.255455
1,298.50607
1,282.2735
1,205.75183
1,241.36104
1,158.69933
1,264.70972
1,251.09271
1,229.40753
1,295.97592
1,245.37523
1,138.90741
1,295.70825
1,156.99692
1,312.29327
1,192.642
1,258.7126
1,293.89343
1,140.93842
1,267.0236
1,411.47028
1,172.42245
1,200.40883
1,159.28659
1,144.66945
1,256.75662
1,270.21265
1,259.6582
1,199.69733
1,216.40479
1,208.05339
1,277.07825
1,153.02846
1,231.64258
1,117.78934
1,210.42308
1,293.7879
1,253.39317
1,136.26859
1,271.68658
1,242.90707
1,225.66284
1,185.69342
1,141.80536
1,278.6566
1,186.92078
1,231.63397
1,218.80344
1,306.47702
1,269.90717
1,212.55995
1,142.18793
1,242.24072
1,179.86528
1,229.07921
1,176.66788
1,300.0013
1,203.92822
1,207.47377
1,278.49188
1,142.02634
1,136.14772
1,169.96382
1,351.8944
1,236.83975
1,226.09792
1,395.24994
1,209.80087
1,121.45632
1,202.71742
1,160.23535
1,208.38577
1,208.09471
1,218.8637
1,139.38458
1,261.82788
1,208.45076
1,154.08264
1,234.49866
1,250.10545
1,150.22743
1,194.80928
1,273.9546
1,246.49954
1,151.77211
1,289.7624
1,267.29938
1,135.84561
1,119.900986
1,219.55539
1,224.078
1,238.20648
1,222.0539
1,196.27908
1,226.74704
1,145.51819
1,171.0523
1,195.92418
1,327.49115
1,230.91164
1,180.08075
1,225.52113
1,123.74736
1,313.1026
1,127.54534
1,289.708
1,135.31512
1,285.9415
1,205.99545
1,269.24356
1,199.51663
1,246.25938
1,223.22998
1,172.82802
1,145.02736
1,213.64406
1,145.96799
1,187.86218
1,253.77698
1,153.44525
1,188.85066
1,268.79593
1,292.90845
1,129.79839
1,308.65265
1,298.04523
1,147.9694
1,196.64108
1,244.05734
1,153.05067
1,149.7133
1,138.62894
1,122.3739
1,273.20602
1,226.55087
1,135.49812
1,122.57765
1,186.97522
1,206.97066
1,252.85591
1,206.26169
1,172.71829
1,155.73717
1,199.94339
1,256.53052
1,211.64426
1,256.7879
1,219.44542
1,160.17165
1,207.80663
1,212.19508
1,266.0678
1,162.69504
1,263.95563
1,304.4831
1,270.51068
1,280.88983
1,208.71368
1,254.7097
1,281.00986
1,130.52249
1,203.67288
1,181.23352
1,202.7414
1,274.5307
1,247.51544
1,270.47186
1,181.91037
1,132.72687
1,226.39502
1,285.76154
1,213.80276
1,149.91727
1,148.45462
1,247.50983
1,306.62613
1,267.41928
1,272.2926
1,137.85678
1,249.9188
1,226.55212
1,155.47435
1,245.2449
1,261.4237
1,279.26355
1,214.99466
1,139.48389
1,217.09784
1,244.92271
1,210.1387
1,147.88905
1,239.92639
1,138.34744
1,191.12341
1,147.82129
1,259.3491
1,222.0514
1,179.73825
1,160.56094
1,230.82208
1,258.07852
1,227.71136
1,268.14618
1,249.48369
1,207.40256
1,179.85536
1,284.4192
1,149.50462
1,168.92694
1,206.42883
1,130.40086
1,226.215
1,223.20569
1,280.09592
1,143.37234
1,213.67401
1,207.23741
1,147.695
1,141.72256
1,224.72456
1,269.1178
1,243.31372
1,150.41013
1,241.09753
1,264.2069
1,276.54306
1,156.22675
1,186.34413
1,285.8024
1,279.34695
1,276.22665
1,210.08908
1,132.5748
1,127.19827
1,147.42688
1,246.67633
1,143.21301
1,127.458595
1,139.83322
1,264.1789
1,188.65901
1,144.1334
1,136.49727
1,409.3811
1,306.08618
1,197.11542
1,218.03491
1,171.54396
1,139.36217
1,316.92523
1,219.61426
1,222.98102
1,143.98949
1,134.66367
1,167.05482
1,226.84094
1,200.8071
1,274.8863
1,228.49652
1,173.04594
1,209.12
1,276.03534
1,306.56522
1,232.93517
1,141.78772
1,159.55637
1,271.0345
1,281.8578
1,150.13998
1,164.6918
1,262.41687
1,191.27094
1,242.66953
1,233.68797
1,233.14572
1,189.30524
1,166.06877
1,285.62463
1,251.48924
1,167.31667
1,149.47754
1,315.4519
1,152.96588
1,206.06892
1,245.64305
1,235.81425
1,180.96191
1,210.41278
1,243.28134
1,243.01349
1,180.80133
1,145.97238
1,140.758
1,216.49173
1,344.5511
1,257.182
1,252.5966
1,310.25037
1,271.88574
1,129.06247
1,246.392
1,216.00818
1,281.56003
1,134.51
1,300.279
1,243.41058
1,248.57584
1,264.7326
1,250.46889
1,295.17294
1,293.65237
1,258.37207
1,234.97575
1,148.92714
1,211.4421
1,262.0838
1,114.47884
1,221.87479
1,142.92137
1,159.42603
1,156.9278
1,153.44156
1,227.2308
1,247.96054
1,141.62549
1,203.70824
1,254.06512
1,162.69673
1,147.00064
1,246.00787
1,247.92044
1,222.18219
1,131.90955
1,148.08939
1,224.77835
1,238.81876
1,207.59488
1,275.12787
1,255.52718
1,211.215
1,147.05103
1,330.26306
1,225.66302
1,303.20203
1,218.2545
1,262.60568
1,184.01859
1,215.0328
1,137.89577
1,255.51736
1,146.26529
1,263.77365
1,285.58325
1,187.8277
1,375.8648
1,215.32062
1,222.22015
1,264.76672
1,266.2115
1,138.58151
1,277.75897
1,235.22363
1,146.47186
1,319.59515
1,265.17606
1,177.04068
1,272.85522
1,264.40964
1,165.10022
1,201.0975
1,128.01202
1,218.23856
1,229.75519
1,255.2509
1,217.613
1,244.11084
1,188.85378
1,199.96475
1,172.32846
1,257.81393
1,267.59586
1,197.34001
1,256.1045
1,251.38657
1,267.77432
1,206.21526
1,263.89374
1,251.8832
1,248.95045
1,136.49524
1,142.27478
1,139.81555
1,211.87128
1,148.51677
1,135.59372
1,164.07172
1,200.13278
1,218.5658
1,126.54408
1,250.58575
1,144.92783
1,249.79657
1,165.97704
1,135.14354
1,284.28003
1,208.37679
1,209.98878
1,152.10086
1,136.04276
1,204.3435
1,154.46646
1,255.48572
1,270.00122
1,251.57224
1,142.66658
1,164.97018
1,155.6486
1,152.7424
1,237.76923
1,134.51067
1,204.35484
1,272.1875
1,283.11176
1,272.2845
1,277.1278
1,209.43648
1,176.6678
1,139.63135
1,145.11781
1,137.15254
1,286.64694
1,137.02838
1,306.83987
1,158.61845
1,212.30707
1,240.97614
1,349.25946
1,282.3028
1,278.63937
1,209.6383
1,157.37491
1,216.57532
1,157.5495
1,144.4765
1,198.24402
1,263.9984
1,165.58032
1,266.9734
1,244.4371
1,155.49454
1,252.31885
1,240.67534
1,194.50075
1,266.63956
1,170.90622
1,237.66394
1,147.86339
1,139.53233
1,157.31735
1,169.66782
1,217.5867
1,157.4318
1,146.8505
1,250.31215
1,221.43945
1,141.28511
1,286.11664
1,265.33444
1,136.4211
1,234.84792
1,229.0417
1,237.90709
1,280.63486
1,230.4245
1,200.9097
1,269.76773
1,244.47438
1,174.72906
1,139.23483
1,271.39014
1,202.31424
1,122.45837
1,164.1912
1,204.4216
1,212.37488
1,267.57257
1,301.53198
1,153.3531
1,144.87878
1,333.17307
1,148.68259
1,150.21016
1,265.6963
1,286.3131
1,239.57312
1,140.1163
1,275.61096
1,150.63756
1,276.42587
1,226.66296
1,301.57153
1,369.16232
1,251.3959
1,189.36845
1,127.46214
1,266.72723
1,244.52798
0,128.25565
0,115.32792
0,119.3375
0,108.69287
0,106.741295
0,115.27631
0,164.79887
0,125.02
0,97.37257
0,127.54634
0,113.85962
0,126.10345
0,129.75917
0,117.32442
0,430.62866
0,128.06552
0,130.30855
0,143.315
0,124.44306
0,105.32939
0,129.19644
0,113.27148
0,138.01688
0,116.687645
0,149.15373
0,167.18507
0,125.54858
0,110.98584
0,148.29945
0,127.57634
0,129.61523
0,122.527664
0,111.42102
0,118.069595
0,109.95413
0,133.35239
0,116.80223
0,209.09949
0,135.53772
0,142.25932
0,145.65105
0,127.08451
0,117.735634
0,115.80914
0,137.68292
0,123.582016
0,131.39493
0,119.10019
0,127.5593
0,134.37831
0,177.35948
0,123.79529
0,122.45412
0,114.24557
0,108.24561
0,119.74452
0,138.26357
0,119.65566
0,141.38687
0,123.34029
0,128.83472
0,99.16831
0,127.52791
0,112.08599
0,117.89106
0,138.23108
0,126.96443
0,142.34344
0,142.56714
0,118.45599
0,140.70161
0,116.32485
0,118.19591
0,152.98723
0,114.727905
0,115.151924
0,118.80907
0,96.41805
0,124.22572
0,140.27534
0,116.98867
0,195.91199
0,154.60211
0,106.90658
0,141.23602
0,109.22067
0,114.1848
0,114.03123
0,135.27075
0,136.76505
0,114.86783
0,144.97435
0,119.67204
0,149.28552
0,118.234505
0,110.25961
0,114.27814
0,137.54672
0,129.26807
0,122.8006
0,122.123955
0,205.01729
0,129.16405
0,114.18167
0,144.4209
0,154.0571
0,100.16806
0,315.90533
0,146.77567
0,118.87056
0,110.80966
0,113.67186
0,150.80045
0,128.93793
0,104.58642
0,115.86405
0,113.68677
0,136.44174
0,208.77054
0,101.596054
0,153.11334
0,108.74045
0,158.24466
0,123.4308
0,164.78854
0,132.41626
0,109.10707
0,123.78555
0,105.165344
0,129.93106
0,106.50481
0,126.48711
0,131.38354
0,119.88632
0,124.05383
0,118.21521
0,134.55988
0,188.8772
0,121.55011
0,141.82922
0,114.29248
0,137.81612
0,120.285904
0,117.441864
0,148.6063
0,140.09467
0,104.978134
0,116.2089
0,115.40794
0,120.907715
0,117.94241
0,153.43912
0,136.95894
0,137.0903
0,117.84398
0,117.79811
0,134.65173
0,152.66678
0,134.52084
0,136.75858
0,138.62822
0,207.35397
0,122.162415
0,122.09394
0,113.85289
0,133.62985
0,223.74036
0,135.87401
0,113.49859
0,126.44288
0,123.91013
0,128.07564
0,120.043686
0,165.82964
0,111.0332
0,136.58003
0,130.99649
0,122.099144
0,126.08765
0,99.490524
0,132.96835
0,219.1769
0,117.96112
0,149.56175
0,154.27985
0,141.661
0,134.85884
0,103.638565
0,113.89406
0,109.66524
0,120.49598
0,158.36292
0,115.48285
0,136.70918
0,125.48364
0,135.11072
0,112.54738
0,154.93945
0,114.447876
0,138.45613
0,176.51183
0,135.97006
0,124.04662
0,122.78421
0,129.39554
0,248.90118
0,183.97047
0,196.29623
0,119.873
0,105.72745
0,121.812614
0,119.226906
0,121.21698
0,342.51663
0,119.85398
0,132.90808
0,127.07177
0,114.36893
0,116.10589
0,124.61827
0,200.17235
0,120.29549
0,125.248
0,142.96371
0,108.49733
0,135.35641
0,129.26276
0,134.6273
0,148.68234
0,135.1054
0,130.55742
0,121.05887
0,121.93619
0,112.904045
0,132.51746
0,131.70197
0,109.42245
0,127.14
0,114.79158
0,147.97438
0,316.03333
0,118.643326
0,147.26106
0,120.29169
0,125.978935
0,162.90381
0,123.680466
0,122.815
0,300.3406
0,128.7443
0,114.42948
0,101.42689
0,124.48288
0,127.16574
0,101.82548
0,173.96002
0,114.54228
0,140.26254
0,149.17468
0,127.749695
0,134.62556
0,130.54407
0,132.31212
0,123.3607
0,189.2916
0,169.55193
0,136.01077
0,126.690765
0,119.49079
0,160.82492
0,121.04561
0,113.113205
0,111.2939
0,116.578384
0,129.68262
0,239.73727
0,275.97662
0,113.50917
0,193.40305
0,132.4744
0,112.52927
0,135.7922
0,160.72101
0,120.499084
0,138.77751
0,113.24579
0,121.198456
0,130.61977
0,164.42938
0,135.50189
0,120.18094
0,130.41995
0,127.0204
0,109.00629
0,118.62344
0,100.581985
0,113.8065
0,141.2837
0,195.56514
0,142.0477
0,98.166885
0,107.70099
0,159.82018
0,135.2201
0,260.0123
0,141.21973
0,102.284546
0,142.42982
0,125.12312
0,158.80835
0,108.10922
0,139.18092
0,112.20803
0,109.878136
0,116.161896
0,121.30237
0,117.2249
0,112.5217
0,140.43683
0,112.06163
0,130.2857
0,111.00447
0,184.04904
0,120.40497
0,135.15343
0,121.56829
0,138.98848
0,99.19728
0,144.97145
0,110.061066
0,105.99685
0,115.886765
0,122.935326
0,139.57175
0,135.26419
0,114.0921
0,118.48066
0,114.74851
0,123.572044
0,113.22081
0,128.6029
0,117.892075
0,125.127335
0,304.10617
0,137.27602
0,121.0455
0,120.58043
0,141.02141
0,113.173965
0,109.431366
0,196.51584
0,150.28767
0,135.19958
0,134.9062
0,136.56369
0,112.56495
0,127.97314
0,146.44275
0,232.70444
0,143.66304
0,143.16068
0,323.1974
0,137.9386
0,133.04042
0,149.33575
0,132.22443
0,229.8165
0,124.89804
0,111.10307
0,111.5474
0,174.99725
0,116.66934
0,109.896164
0,148.51416
0,115.62103
0,114.34601
0,110.79777
0,127.46344
0,149.5079
0,123.48689
0,112.85974
0,118.81223
0,103.29817
0,148.85399
0,133.09613
0,132.70352
0,134.20197
0,140.6925
0,130.58325
0,180.30615
0,104.262665
0,137.81274
0,122.783875
0,151.02263
0,139.57683
0,158.90921
0,104.9059
0,133.14615
0,120.1546
0,184.9123
0,95.91726
0,125.81587
0,336.2718
0,120.19664
0,138.41096
0,131.73567
0,109.56209
0,138.67151
0,110.90741
0,144.74973
0,154.38907
0,138.66006
0,127.99093
0,148.05577
0,143.36424
0,113.76842
0,143.83427
0,172.99503
0,152.34795
0,101.28309
0,143.68216
0,136.41461
0,130.81555
0,263.5752
0,100.10148
0,190.30763
0,212.49136
0,129.51062
0,140.69226
0,132.10858
0,117.77202
0,122.84102
0,108.236115
0,123.22337
0,249.21559
0,125.36806
0,121.678825
0,125.35149
0,118.323044
0,104.27207
0,367.1822
0,113.682106
0,155.40666
0,128.07327
0,123.32145
0,113.16617
0,143.48523
0,117.578995
0,122.99048
0,113.6371
0,155.93674
0,115.9474
0,147.64404
0,122.438385
0,136.9769
0,101.960625
0,108.8815
0,113.94601
0,127.27597
0,120.1947
0,129.10194
0,149.9539
0,107.50731
0,110.6564
0,122.50215
0,116.56172
0,138.92732
0,142.98729
0,154.46747
0,105.96612
0,139.33607
0,108.82975
0,130.54355
0,190.71747
0,119.91677
0,117.67496
0,138.4791
0,127.41412
0,128.83783
0,123.08377
0,188.04207
0,115.13229
0,121.99811
0,128.35168
0,122.43859
0,124.66222
0,134.57333
0,121.800964
0,123.12705
0,127.55382
0,189.49751
0,154.4466
0,127.47449
0,116.832985
0,121.80615
0,130.97249
0,119.765976
0,178.67236
0,149.56313
0,131.44572
0,106.70389
0,118.38934
0,129.5934
0,145.32245
0,128.67369
0,119.37837
0,113.945335
0,150.1225
0,158.0046
0,135.57281
0,125.666626
0,128.00412
0,132.568
0,116.57153
0,165.98093
0,141.79475
0,146.74667
0,134.78204
0,111.81783
0,123.3943
0,111.19615
0,142.7615
0,148.44618
0,117.536194
0,134.23218
0,130.32309
0,114.74138
0,124.785576
0,137.9979
0,115.96519
0,111.09905
0,146.14459
0,119.34195
0,113.08719
0,150.74911
0,112.91829
0,162.46378
0,131.3134
0,117.05955
0,148.13808
0,125.30208
0,216.19733
0,118.365074
0,131.12106
0,125.92131
0,141.4927
0,186.00484
0,131.69423
0,130.70506
0,120.9848
0,135.20943
0,127.49149
0,108.00719
0,131.63275
0,152.26494
0,127.33313
0,115.15498
0,143.5911
0,145.75272
0,124.9954
0,130.6377
0,154.04225
0,126.109825
0,112.032196
0,177.36807
0,131.34451
0,138.32874
0,149.6007
0,148.66606
0,116.28205
0,111.93964
0,156.40482
0,127.64486
0,168.50784
0,161.49004
0,116.98526
0,115.51666
0,117.65282
0,132.892
0,123.84393
0,97.579865
0,120.55905
0,127.282
0,111.50923
0,126.07843
0,143.16663
0,110.245255
0,111.88922
0,112.25335
0,149.08191
0,122.985
0,117.970436
0,129.46538
0,141.16095
0,137.07309
0,170.21417
0,116.60289
0,148.9592
0,141.1845
0,128.06454
0,166.82553
0,113.973656
0,141.91891
0,136.43665
0,138.95029
0,115.876434
0,97.20761
0,115.31639
0,122.18531
0,121.144424
0,112.48843
0,113.318726
0,113.6909
0,115.11073
0,130.62466
0,204.65604
0,119.02913
0,110.50058
0,122.49408
0,123.79626
0,154.28209
0,154.02864
0,127.69356
0,106.5843
0,119.10985
0,137.40184
0,119.55887
0,115.96182
0,123.36993
0,196.49048
0,134.60439
0,118.16874
0,128.56375
0,122.25856
0,193.16327
0,119.05066
0,136.65196
0,144.45102
0,119.69351
0,135.67288
0,96.10592
0,173.37119
0,123.45179
0,123.28914
0,130.37704
0,130.60234
0,115.28398
0,169.30267
0,122.91821
0,140.46603
0,119.470085
0,133.61948
0,111.35506
0,129.78745
0,114.93873
0,125.4628
0,132.00244
0,198.79758
0,109.480896
0,126.534035
0,128.18951
0,117.22543
0,125.07664
0,133.94083
0,103.26883
0,133.8205
0,119.28899
0,111.614075
0,180.20558
0,104.910934
0,107.885315
0,117.45162
0,119.87216
0,131.51117
0,134.46371
0,131.51337
0,144.04735
0,124.87244
0,126.132545
0,103.918365
0,186.24051
0,201.19145
0,123.4635
0,126.845604
0,126.14931
0,117.79169
0,125.867805
0,129.95172
0,116.81135
0,123.03865
0,149.07602
0,123.76446
0,135.47197
0,111.18134
0,161.07199
0,118.976524
0,114.80434
0,126.65465
0,141.96707
0,111.80679
0,106.842026
0,115.88369
0,133.25421
0,118.71721
0,179.0405
0,112.19552
0,111.270615
0,115.15721
0,105.948944
0,121.23571
0,137.333
0,352.96222
0,112.91603
0,125.95717
0,114.18597
0,114.06381
0,141.7846
0,142.42323
0,102.75639
0,118.27057
0,111.5755
0,109.280014
0,116.965034
0,338.45142
0,131.78284
0,122.85369
0,123.75546
0,106.19357
0,105.472046
0,124.19841
0,278.00555
0,114.81146
0,113.90965
0,126.44231
0,99.630394
0,124.30867
0,115.91886
0,105.120636
0,118.10814
0,117.62315
0,123.302414
0,119.40546
0,144.03943
0,124.51189
0,142.02228
0,119.727165
0,143.31058
0,113.170654
0,112.46683
0,120.89496
0,103.22026
0,138.84244
0,132.3417
0,183.3095
0,132.30707
0,158.45126
0,116.56195
0,141.27545
0,136.25235
0,131.86057
0,119.025314
0,123.08865
0,146.98224
0,115.42627
0,123.68326
0,135.67642
0,145.85764
0,117.07536
0,128.43481
0,147.31857
0,135.5043
0,112.82771
0,132.2619
0,150.9335
0,133.95108
0,101.49461
0,106.14727
0,155.2283
0,142.70961
0,117.38437
0,103.668686
0,125.783936
0,164.75574
0,128.53818
0,141.55887
0,132.44778
0,129.17607
0,111.63031
0,113.5594
0,162.31418
0,158.15727
0,152.80853
0,145.81316
0,126.41083
0,129.07301
0,124.01019
0,99.34626
0,100.82187
0,111.47194
0,120.89258
0,166.02243
0,120.09289
0,135.26509
0,330.2498
0,109.07733
0,111.85129
0,104.833595
0,118.12015
0,117.49318
0,124.97464
0,121.754974
0,133.61066
0,115.462265
0,188.27545
0,129.74487
0,108.9299
0,180.08434
0,120.96968
0,128.97649
0,142.63977
0,119.829025
0,97.85192
0,121.224396
0,127.517105
0,147.0333
0,133.87044
0,98.96582
0,111.85942
0,132.4914
0,141.19269
0,126.21531
0,116.432686
0,141.82996
0,103.85948
0,134.59866
0,124.259186
0,184.8825
0,115.68863
0,344.8537
0,105.19341
0,148.45126
0,120.50161
0,115.651535
0,169.9703
0,157.20181
0,132.68018
0,129.28879
0,141.8192
0,143.83646
0,137.45076
0,123.01019
0,127.88572
0,135.40302
0,134.02048
0,113.93217
0,107.218
0,101.85063
0,141.98343
0,131.07257
0,121.16371
0,147.53525
0,147.04955
0,127.83694
0,121.09569
0,188.55328
0,125.60148
0,133.9837
0,117.28636
0,125.6546
0,150.70233
0,119.18054
0,153.49648
0,145.00876
0,111.91463
0,127.52032
0,139.91968
0,126.21131
0,119.50877
0,156.84814
0,124.766495
0,146.64203
0,125.83261
0,153.98773
0,106.351364
0,138.65173
0,138.58817
0,119.68579
0,127.96251
0,112.03714
0,129.2309
0,112.54611
0,114.19951
0,122.51412
0,135.32103
0,133.89885
0,140.5799
0,116.92844
0,131.67119
0,98.695404
0,118.11565
0,129.48921
0,117.63019
0,131.26898
0,127.74839
0,230.58351
0,153.06406
0,130.20068
0,115.79159
0,127.238304
0,115.84728
0,133.032
0,185.0252
0,161.46657
0,134.77194
0,109.61368
0,116.77574
0,129.12062
0,164.04858
0,92.31049
0,123.26594
0,128.56906
0,144.89029
0,152.19449
0,119.95026
0,246.93047
0,129.84637
0,142.2987
0,173.42963
0,128.83907
0,128.06027
0,123.895645
0,115.76393
0,118.8324
0,126.255295
0,140.2313
0,154.80441
0,113.89902
0,130.04437
0,144.70209
0,104.160065
0,137.30519
0,117.97635
0,110.22659
0,126.3491
0,149.15863
0,143.7974
0,246.55176
0,104.216354
0,111.363495
0,116.377075
0,128.09302
0,116.42601
0,129.03159
0,146.20143
0,124.37984
0,116.00101
0,121.41966
0,135.62735
0,105.10019
0,130.32414
0,107.27788
0,128.24213
0,152.33351
0,121.91278
0,124.51845
0,120.8525
0,101.424164
0,116.0302
0,126.161064
0,109.72969
0,138.04037
0,123.57507
0,136.36447
0,160.57947
0,217.08026
0,122.05391
0,133.9704
0,117.91686
0,127.63545
0,127.99605
0,137.08755
0,350.955
0,117.209335
0,144.79597
0,135.1177
0,118.5132
0,129.84067
0,329.57062
0,185.96532
0,114.38716
0,112.55379
0,118.34326
0,129.13776
0,117.01361
0,201.24031
0,112.21898
0,123.02923
0,119.79326
0,134.0907
0,187.48587
0,141.70543
0,219.13881
0,135.13022
0,124.98766
0,115.56308
0,111.874245
0,120.330414
0,121.799225
0,115.47357
0,115.44827
0,140.97418
0,151.30768
0,110.595634
0,126.00195
0,132.1084
0,130.1066
0,113.68762
0,122.08885
0,154.963
0,311.9057
0,118.88025
0,155.18005
0,120.27362
0,121.86117
0,127.487976
0,164.05281
0,124.40996
0,343.53033
0,118.40986
0,120.44246
0,124.86442
0,120.970566
0,124.56885
0,111.50874
0,134.97928
0,137.66293
0,104.7157
0,111.97423
0,141.29303
0,116.692566
0,125.10292
0,122.32158
0,106.91344
0,106.797104
0,132.07397
0,172.54565
0,144.53995
0,122.03284
0,121.3913
0,163.51688
0,125.36763
0,114.031494
0,109.15126
0,108.78909
0,119.77625
0,123.91753
0,109.982895
0,122.23216
0,125.90839
0,127.387726
0,117.29767
0,142.37067
0,135.09161
0,122.5526
0,146.5208
0,127.405945
0,117.23575
0,117.89255
0,174.18115
0,107.90382
0,105.938126
0,132.24901
0,125.26178
0,152.29153
0,139.62341
0,138.18744
0,147.56747
0,139.76663
0,102.22479
0,222.39114
0,124.88245
0,131.01585
0,163.818
0,119.27626
0,101.47895
0,118.10962
0,133.99252
0,103.572556
0,132.07545
0,145.06604
0,117.46466
0,122.72739
0,106.06784
0,162.74878
0,115.09184
0,119.16103
0,127.18172
0,130.91412
0,124.153015
0,140.63228
0,122.05227
0,123.52574
0,122.54027
0,139.95175
0,112.56645
0,122.206
0,133.39621
0,129.0831
0,182.5458
0,104.91629
0,120.05272
0,117.131134
0,119.07526
0,114.57065
0,170.56705
0,107.55716
0,98.43859
0,125.739174
0,118.48838
0,122.70146
0,150.11967
0,117.15531
0,215.3927
0,143.34245
0,111.56406
0,136.74066
0,148.31633
0,138.87589
0,96.8271
0,125.5201
0,128.33215
0,117.58725
0,121.9809
0,113.96703
0,119.44983
0,148.56825
0,121.74829
0,145.15848
0,141.82332
0,108.6193
0,125.8892
0,116.49703
0,131.74599
0,131.06819
0,131.64117
0,187.55011
0,218.90604
0,147.95088
0,122.23464
0,116.66475
0,166.21945
0,130.1196
0,296.0457
0,111.70171
0,115.79108
0,122.04353
0,129.23463
0,132.35117
0,104.60768
0,140.79181
0,133.55928
0,126.1955
0,190.29938
0,114.30156
0,130.22269
0,139.6889
0,110.78276
0,143.43378
0,123.47296
0,123.68313
0,120.622314
0,127.82675
0,123.869415
0,154.48376
0,148.25867
0,119.98427
0,110.680695
0,123.982574
0,142.18475
0,112.81466
0,115.87476
0,111.395966
0,126.67786
0,166.83096
0,130.22775
0,111.55426
0,114.30293
0,131.49457
0,123.303925
0,178.66205
0,100.12485
0,108.21831
0,98.79454
0,108.54229
0,115.28389
0,132.65077
0,130.56154
0,128.59325
0,134.4002
0,127.24842
0,123.29101
0,123.31655
0,127.381424
0,123.07072
0,119.79827
0,110.7642
0,146.28934
0,111.16845
0,107.35953
0,207.18915
0,120.32366
0,320.98492
0,180.54785
0,103.005646
0,113.649956
0,123.093445
0,148.9326
0,134.68231
0,159.0791
0,121.30176
0,141.48132
0,125.53636
0,114.16064
0,115.3555
0,97.453
0,134.55316
0,218.61676
0,131.82076
0,106.22035
0,249.89722
0,154.93314
0,119.45299
0,133.54456
0,118.756256
0,112.69665
0,120.83707
0,99.15909
0,122.60146
0,123.357414
0,150.16048
0,137.99066
0,127.329
0,162.12636
0,124.33157
0,137.69061
0,135.01276
0,114.98645
0,136.07431
0,120.079575
0,186.16579
0,137.41898
0,137.3244
0,110.001434
0,125.110855
0,110.505226
0,123.16417
0,121.7925
0,125.56022
0,128.50006
0,134.14774
0,107.97066
0,102.83284
0,135.30658
0,133.91183
0,140.42987
0,118.3454
0,122.4899
0,151.82002
0,120.78537
0,134.788
0,122.73536
0,115.90257
0,136.70865
0,112.73053
0,124.831795
0,131.65451
0,119.81857
0,120.52438
0,117.626434
0,157.54367
0,130.88367
0,156.33392
0,110.28281
0,120.336685
0,113.175156
0,164.4523
0,117.87105
0,147.6981
0,115.2752
0,111.609665
0,125.29741
0,161.92038
0,145.0325
0,124.349594
0,110.65126
0,161.88449
0,125.64184
0,117.92241
0,120.03337
0,130.31137
0,135.30109
0,111.533554
0,133.46808
0,150.42542
0,136.83897
0,127.991776
0,121.911316
0,131.81143
0,133.59695
0,125.07965
0,119.14297
0,142.0639
0,134.711
0,107.09917
0,128.5206
0,109.64861
0,126.804596
0,132.00552
0,123.01262
0,129.61786
0,110.00579
0,120.98073
0,116.02965
0,132.18701
0,98.975586
0,125.14764
0,121.11803
0,125.86804
0,129.05136
0,196.34581
0,125.94378
0,128.80254
0,118.10365
0,118.13042
0,131.32219
0,147.94302
0,104.6267
0,159.09303
0,117.94304
0,117.54646
0,121.10176
0,106.9026
0,129.00862
0,141.63222
0,115.52217
0,176.28131
0,129.23123
0,148.25162
0,316.06473
0,113.74854
0,113.67962
0,107.80307
0,114.2749
0,130.21246
0,115.83285
0,94.251495
0,116.06771
0,110.90509
0,135.31973
0,137.17694
0,207.56984
0,140.81427
0,122.186554
0,135.50777
0,135.64865
0,152.57289
0,148.9378
0,115.24722
0,118.82547
0,132.38809
0,164.67035
0,141.6034
0,134.10071
0,119.02261
0,119.93195
0,108.72237
0,183.82788
0,116.24321
0,121.17404
0,123.92338
0,117.809326
0,121.09
0,124.77182
0,132.33423
0,118.27838
0,131.12662
0,122.60098
0,141.70906
0,155.4454
0,128.98935
0,127.367935
0,106.79622
0,140.37027
0,118.143715
0,157.9862
0,120.93618
0,118.33869
0,108.954124
0,124.48791
0,160.99677
0,324.5512
0,160.44699
0,141.50572
0,113.99911
0,118.18631
0,126.6471
0,119.136215
0,131.78094
0,116.53482
0,134.3923
0,133.64757
0,118.93774
0,127.07112
0,112.045685
0,123.94949
0,110.79811
0,99.357544
0,131.52267
0,138.84456
0,111.66644
0,196.5039
0,105.46687
0,116.66875
0,129.9256
0,132.623
0,126.20334
0,122.32246
0,122.06459
0,160.67969
0,123.952354
0,130.08789
0,142.83417
0,170.45403
0,144.16034
0,180.39055
0,121.33098
0,127.759926
0,228.55621
0,116.97396
0,141.43153
0,217.11572
0,140.3034
0,110.943954
0,121.05527
0,315.8277
0,106.37678
0,112.68061
0,116.465
0,175.85016
0,93.819855
0,108.391304
0,134.31612
0,119.05714
0,109.22158
0,106.87433
0,143.87433
0,112.05397
0,125.89627
0,142.54865
0,184.44751
0,122.526566
0,110.82712
0,134.25748
0,112.835785
0,133.03381
0,112.07144
0,132.52255
0,116.352295
0,102.10681
0,155.88147
0,158.04703
0,113.59259
0,122.73682
0,138.48297
0,143.6467
0,128.21173
0,167.58502
0,132.38716
0,117.22685
0,114.47451
0,122.530846
0,134.94536
0,109.53337
0,110.63391
0,113.79351
0,163.8912
0,122.97991
0,124.240005
0,119.91558
0,134.62985
0,117.81874
0,107.96989
0,133.57344
0,139.91737
0,224.36841
0,158.62158
0,117.893715
0,115.92915
0,128.75299
0,139.11319
0,124.02415
0,112.21106
0,125.2071
0,100.79695
0,115.184425
0,139.90561
0,127.1828
0,125.483246
0,124.71135
0,96.708755
0,136.96991
0,176.81946
0,120.969635
0,111.51178
0,129.65497
0,139.0892
0,98.149796
0,123.62054
0,109.435165
0,130.36623
0,121.041954
0,133.84595
0,127.62172
0,138.79843
0,118.28325
0,159.91565
0,133.10443
0,144.60977
0,116.19858
0,112.249146
0,147.05339
0,117.45883
0,131.33673
0,125.862274
0,105.17253
0,117.909996
0,113.025536
0,135.4396
0,109.966484
0,124.95002
0,140.67142
0,133.8864
0,148.25159
0,122.254486
0,110.63458
0,158.03693
0,115.82281
0,129.01306
0,120.70785
0,120.18116
0,139.98093
0,120.37358
0,118.052505
0,95.34956
0,126.481155
0,174.13512
0,118.80907
0,125.66231
0,121.337524
0,110.83942
0,137.34427
0,250.61389
0,136.5907
0,119.074745
0,144.44145
0,129.56723
0,128.62825
0,110.51762
0,138.6879
0,141.70639
0,148.25647
0,131.78032
0,122.538216
0,195.96649
0,118.22298
0,112.95114
0,113.839935
0,312.81763
0,169.99861
0,117.63565
0,148.0543
0,117.61911
0,130.90088
0,153.02802
0,141.49962
0,110.780396
0,109.11484
0,115.59713
0,128.86214
0,127.31865
0,95.22102
0,150.68715
0,118.1454
0,118.80139
0,122.7387
0,130.5878
0,141.08417
0,138.18881
0,122.29429
0,123.276695
0,122.86557
0,119.60556
0,122.978485
0,103.56218
0,100.42002
0,124.09201
0,114.39472
0,182.02495
0,126.07362
0,123.45639
0,113.069855
0,111.775604
0,110.11153
0,166.24709
0,139.15794
0,106.90036
0,118.49541
0,120.32233
0,105.465576
0,350.34555
0,234.38907
0,122.586464
0,133.90297
0,112.38336
0,112.14847
0,131.89343
0,122.380455
0,113.71045
0,133.27565
0,121.82597
0,118.866135
0,123.94734
0,109.97318
0,106.446815
0,150.20706
0,131.42975
0,137.9574
0,105.344574
0,122.26602
0,130.25128
0,120.50539
0,127.24806
0,163.58054
0,99.81412
0,109.817665
0,131.17548
0,131.23196
0,119.659454
0,126.13564
0,117.96845
0,117.3858
0,149.38135
0,108.653305
0,139.87897
0,133.4169
0,127.37997
0,132.0814
0,110.79427
0,113.0857
0,185.39618
0,130.03569
0,112.423996
0,130.25803
0,130.34624
0,133.75363
0,108.085556
0,141.80307
0,131.95947
0,112.56765
0,161.32703
0,117.978775
0,141.20184
0,126.36895
0,117.58411
0,128.3454
0,121.202545
0,119.95073
0,110.947586
0,125.19089
0,115.68721
0,169.88846
0,105.88228
0,121.26796
0,128.51865
0,125.26683
0,133.43933
0,124.79872
0,117.36696
0,155.97707
0,120.94823
0,123.834946
0,343.28003
0,136.45448
0,131.09135
0,128.9472
0,105.49406
0,120.945694
0,129.986
0,110.6098
0,143.54453
0,115.22602
0,114.650406
0,127.807724
0,118.42235
0,117.83217
0,118.80804
0,205.67465
0,99.2101
0,133.2486
0,135.60442
0,149.61726
0,146.61736
0,114.5738
0,179.04373
0,151.77318
0,143.3509
0,120.69577
0,124.32945
0,106.17583
0,117.12352
0,109.61748
0,119.585495
0,128.11504
0,109.77221
0,146.76291
0,114.5443
0,121.36522
0,116.903244
0,126.435936
0,117.90071
0,114.64049
0,138.4927
0,203.3873
0,140.90675
0,146.9909
0,142.02414
0,115.5916
0,272.4161
0,139.70486
0,112.553795
0,321.32184
0,133.24365
0,136.08022
0,143.94592
0,130.09306
0,121.758545
0,97.41222
0,112.63541
0,120.90396
0,138.09967
0,108.73891
0,120.88533
0,164.80081
0,129.45695
0,122.50224
0,117.498886
0,205.22112
0,111.461876
0,104.6687
0,96.03528
0,136.75275
0,260.07092
0,114.16143
0,233.9176
0,122.142784
0,120.98164
0,107.66623
0,113.748245
0,139.55374
0,151.82344
0,143.84622
0,107.91434
0,121.94037
0,113.19284
0,118.153076
0,129.70546
0,134.60493
0,150.87277
0,121.53142
0,119.282135
0,138.88016
0,99.55313
0,155.75662
0,127.6704
0,122.011566
0,111.10948
0,117.22612
0,145.01945
0,210.8407
0,115.681625
0,127.20471
0,113.57942
0,123.552444
0,98.11893
0,124.9599
0,139.9035
0,176.48804
0,116.026985
0,141.50955
0,115.15671
0,127.44087
0,144.13718
0,123.576706
0,106.79073
0,130.94424
0,134.2136
0,132.15805
0,139.91833
0,132.85858
0,137.55502
0,149.02377
0,117.45856
0,128.35706
0,183.24362
0,156.3371
0,173.26111
0,122.00275
0,116.220314
0,147.38983
0,138.48392
0,118.70195
0,122.75177
0,139.53111
0,113.95749
0,134.18225
0,112.62928
0,119.04378
0,197.33095
0,133.39218
0,139.02109
0,112.5571
0,99.09903
0,113.82913
0,108.73155
0,132.23273
0,136.70413
0,110.570206
0,163.00636
0,129.21414
0,138.23419
0,115.339935
0,119.910324
0,105.77393
0,124.81586
0,118.85866
0,125.371124
0,96.437775
0,117.97188
0,119.9803
0,145.288
0,100.80754
0,122.214584
0,111.41929
0,113.886
0,119.39101
0,117.1492
0,145.17139
0,116.83717
0,195.74164
0,126.066795
0,121.97324
0,131.18231
0,143.80043
0,123.292694
0,109.85954
0,121.685196
0,117.07263
0,118.76567
0,117.656364
0,112.74941
0,138.57806
0,140.69763
0,121.60397
0,115.57184
0,126.889755
0,145.97424
0,136.06352
0,132.52692
0,124.08795
0,135.83035
0,141.79062
0,120.19273
0,134.85527
0,124.36842
0,102.04231
0,111.60872
0,127.81701
0,120.64085
0,124.52968
0,135.01868
0,118.79638
0,168.37363
0,130.10881
0,220.8532
0,161.23106
0,106.99005
0,271.41217
0,119.498566
0,110.08903
0,119.85661
0,167.86221
0,113.11371
0,141.7675
0,118.68045
0,106.42208
0,109.798615
0,139.14058
0,181.15816
0,145.48819
0,134.06075
0,113.36194
0,133.20323
0,128.10333
0,113.18053
0,184.05533
0,120.674515
0,130.8519
0,340.02643
0,203.98508
0,112.81638
0,114.56972
0,180.11414
0,112.24832
0,118.95083
0,112.86032
0,279.39627
0,114.20579
0,108.766174
0,146.298
0,159.36269
0,129.02405
0,139.7826
0,143.44656
0,114.703896
0,193.45093
0,129.16856
0,136.55984
0,125.27847
0,112.27313
0,146.5102
0,123.28499
0,132.89017
0,134.63202
0,116.99509
0,100.086235
0,110.95364
0,109.544586
0,129.40837
0,216.69426
0,113.364334
0,150.99695
0,116.07363
0,113.280426
0,113.43938
0,112.43821
0,113.8233
0,130.85695
0,115.92644
0,112.35372
0,119.414444
0,113.390335
0,189.14062
0,131.39194
0,117.113434
0,141.8695
0,109.39823
0,155.64594
0,112.28616
0,139.02776
0,246.46979
0,151.19046
0,112.73066
0,125.86819
0,116.25873
0,130.30162
0,151.42221
0,113.58531
0,120.722015
0,127.52305
0,124.65645
0,135.18039
0,112.71661
0,96.03365
0,129.65836
0,222.15114
0,148.64783
0,115.65759
0,119.13335
0,123.764496
0,465.89685
0,118.212166
0,118.938225
0,110.00959
0,109.65805
0,113.15
0,124.389145
0,217.01683
0,139.33243
0,108.92209
0,120.04761
0,116.50917
0,134.13545
0,118.68733
0,110.42157
0,135.7127
0,137.44147
0,155.86142
0,145.82767
0,134.70079
0,132.37967
0,123.79669
0,120.94246
0,97.35057
0,112.59433
0,98.63808
0,118.32591
0,131.60599
0,138.07541
0,115.80946
0,121.52069
0,154.34143
0,117.372025
0,97.9026
0,131.38155
0,128.34416
0,135.2562
0,112.728294
0,126.27397
0,123.090645
0,134.14655
0,113.32801
0,110.16691
0,114.40116
0,118.4142
0,142.32222
0,124.14027
0,97.57689
0,98.11331
0,114.1529
0,158.6337
0,113.32378
0,98.518196
0,197.5453
0,135.41638
0,121.89464
0,116.218094
0,135.05531
0,131.1613
0,119.13846
0,153.75262
0,195.33502
0,127.40634
0,123.17583
0,109.90085
0,133.22105
0,222.40628
0,113.32048
0,99.63433
0,125.74005
0,98.834526
0,149.22774
0,140.18047
0,108.289444
0,124.94107
0,114.001366
0,118.29387
0,131.87885
0,130.98622
0,119.95103
0,115.40995
0,114.227974
0,128.67055
0,156.90358
0,120.727196
0,136.10748
0,198.53873
0,120.537994
0,117.69362
0,135.07692
0,118.53575
0,106.77232
0,95.01953
0,246.98264
0,137.43686
0,152.7069
0,121.35357
0,100.843666
0,126.85423
0,127.65497
0,146.87445
0,117.23484
0,114.90169
0,128.64352
0,109.73117
0,157.2822
0,117.53258
0,126.87176
0,142.05536
0,134.65161
0,176.25458
0,200.0957
0,123.60867
0,110.67882
0,164.6242
0,135.60889
0,130.11734
0,124.84012
0,124.73893
0,115.00891
0,131.34627
0,152.32335
0,114.22857
0,128.62164
0,117.99428
0,125.61743
0,98.02844
0,132.02574
0,115.13324
0,143.26378
0,139.4462
0,122.4315
0,116.383415
0,133.2651
0,137.80324
0,117.85841
0,125.686356
0,154.64445
0,135.08951
0,103.99649
0,120.469574
0,128.6449
0,123.91161
0,123.4934
0,132.95706
0,163.47505
0,128.67455
0,135.63097
0,137.4841
0,144.60767
0,110.012764
0,111.63589
0,127.621925
0,132.76378
0,133.65881
0,120.42896
0,103.70271
0,134.92767
0,119.76033
0,121.75998
0,113.412506
0,129.95525
0,126.86055
0,116.552895
0,149.9156
0,126.335236
0,112.32666
0,119.7233
0,114.20182
0,146.14398
0,98.414925
0,207.2604
0,128.05716
0,149.31221
0,250.67717
0,112.40284
0,147.50734
0,124.17077
0,133.53659
0,138.72055
0,94.73268
0,122.50003
0,132.9281
0,140.2963
0,133.27075
0,135.5125
0,119.52251
0,110.62011
0,267.93506
0,111.10503
0,136.348
0,124.30432
0,152.19495
0,159.2493
0,116.335556
0,113.318924
0,117.027756
0,163.95357
0,141.18379
0,113.00402
0,167.36502
0,129.9728
0,116.4677
0,104.79271
0,134.34764
0,140.35896
0,173.42471
0,120.53345
0,121.04678
0,116.28643
0,134.93103
0,114.50777
0,274.36597
0,130.58731
0,147.34715
0,177.26549
0,137.96127
0,111.23192
0,123.11618
0,116.65652
0,122.84805
0,121.233826
0,179.50577
0,132.62369
0,356.9986
0,190.17009
0,144.613
0,140.8605
0,138.24518
0,121.76097
0,113.07558
0,112.49313
0,113.65394
0,134.89536
0,111.39006
0,127.861084
0,105.49286
0,130.10217
0,118.156334
0,140.66626
0,131.18819
0,148.70284
0,114.967674
0,105.34233
0,109.510574
0,114.91708
0,111.07323
0,350.80035
0,125.50757
0,128.35388
0,119.44379
0,114.66443
0,100.290276
0,128.24202
0,133.02805
0,122.77803
0,132.4192
0,149.33588
0,117.27753
0,114.54599
0,174.13055
0,120.616776
0,145.82018
0,117.24707
0,197.45976
0,140.29517
0,134.17804
0,119.144684
0,109.495804
0,131.17291
0,118.113716
0,115.12768
0,140.2537
0,117.13904
0,169.2954
0,130.68271
0,118.11752
0,116.6454
0,128.11111
0,146.01785
0,159.73273
0,165.65948
0,143.84613
0,142.84036
0,129.5193
0,112.79487
0,131.47464
0,120.459564
0,124.21535
0,260.60464
0,118.56759
0,119.36357
0,108.57257
0,128.54578
0,117.138916
0,127.499756
0,128.245
0,133.43283
0,131.25032
0,127.07158
0,136.7511
0,113.47823
0,131.60138
0,131.40256
0,136.46602
0,111.87158
0,147.24818
0,187.36227
0,135.11932
0,204.24588
0,111.24017
0,139.78206
0,112.457016
0,134.35107
0,132.51297
0,113.8781
0,135.24301
0,113.78685
0,119.63748
0,140.2789
0,111.999435
0,119.76819
0,115.17505
0,118.3536
0,116.664955
0,123.18192
0,171.00201
0,167.37915
0,134.13794
0,110.905014
0,113.230865
0,130.20422
0,119.491844
0,122.296455
0,118.9939
0,110.08157
0,113.04503
0,124.1272
0,137.40697
0,108.13817
0,150.72255
0,128.93321
0,110.702866
0,118.15131
0,107.60916
0,139.12616
0,101.5852
0,162.43604
0,96.016396
0,115.12013
0,195.27466
0,135.45108
0,112.22647
0,133.35602
0,120.88779
0,131.54568
0,107.9659
0,200.40768
0,136.77481
0,139.60477
0,112.24478
0,120.31295
0,113.99794
0,124.73747
0,116.11127
0,125.597
0,135.93396
0,131.15627
0,162.4878
0,108.534775
0,212.87154
0,133.79025
0,126.983444
0,118.1727
0,112.97494
0,126.938156
0,158.9784
0,135.5747
0,129.32391
0,109.87274
0,133.95401
0,188.19534
0,245.394
0,105.11321
0,112.99693
0,158.90717
0,118.76562
0,117.21033
0,124.20305
0,139.02379
0,124.84818
0,130.99503
0,124.99481
0,127.06644
0,115.75574
0,128.05135
0,136.52258
0,140.7952
0,110.635086
0,115.1651
0,112.131485
0,126.43332
0,111.5292
0,103.57143
0,109.50603
0,108.44093
0,137.10632
0,122.46361
0,214.48242
0,118.131584
0,112.72117
0,143.61841
0,119.94197
0,130.34656
0,115.149994
0,119.46091
0,108.22787
0,120.50598
0,160.37619
0,146.33707
0,117.473274
0,114.01124
0,102.463196
0,112.59453
0,119.97873
0,118.05507
0,126.957504
0,357.19275
0,135.8626
0,132.11493
0,95.82764
0,164.53691
0,100.65932
0,159.78853
0,133.65831
0,119.82043
0,114.60208
0,127.50616
0,110.10833
0,147.55316
0,121.41399
0,124.21648
0,131.73354
0,196.48102
0,131.1034
0,122.703476
0,126.31018
0,217.49666
0,100.3914
0,141.10101
0,113.18574
0,103.512436
0,127.70313
0,136.84702
0,112.359604
0,147.33392
0,155.86688
0,120.786316
0,142.14737
0,138.71358
0,122.053314
0,133.38461
0,118.9452
0,112.66834
0,239.78336
0,136.93013
0,119.48805
0,114.786835
0,112.43727
0,147.65256
0,125.94155
0,155.08232
0,150.68768
0,137.39542
0,109.073
0,150.28476
0,169.95139
0,134.68973
0,169.16425
0,160.85458
0,123.84095
0,133.982
0,123.72799
0,115.75909
0,129.51738
0,101.8127
0,121.60892
0,129.43967
0,115.3988
0,228.5339
0,123.1066
0,105.10158
0,142.48053
0,121.139206
0,136.30602
0,113.61348
0,161.81723
0,134.26375
0,130.80392
0,124.14245
0,112.14772
0,125.1684
0,103.74448
0,114.61879
0,121.66849
0,201.98555
0,134.71106
0,137.23804
0,177.65286
0,112.61441
0,155.38162
0,118.02853
0,158.0798
0,115.74155
0,119.07678
0,236.82822
0,128.5441
0,121.36832
0,134.32684
0,133.0928
0,170.96896
0,111.57057
0,136.62741
0,122.50454
0,127.40776
0,126.51123
0,100.41991
0,132.0374
0,107.514626
0,133.7174
0,117.009155
0,142.67407
0,121.31239
0,125.722435
0,141.43927
0,141.34337
0,147.74771
0,140.4003
0,141.90207
0,151.28445
0,121.940475
0,123.09053
0,113.40234
0,105.347015
0,145.087
0,143.3115
0,131.33563
0,129.21185
0,214.7709
0,134.77036
0,120.783295
0,134.31544
0,158.70352
0,122.897224
0,119.343636
0,142.08173
0,118.82094
0,116.06693
0,253.41403
0,129.13754
0,201.55835
0,122.60475
0,117.87488
0,121.45709
0,125.620865
0,109.916046
0,143.6218
0,102.782715
0,108.568375
0,113.81504
0,124.92241
0,120.300156
0,113.3643
0,141.45256
0,117.73132
0,138.55963
0,132.45926
0,136.78473
0,141.2538
0,164.17795
0,120.21974
0,108.37136
0,128.6704
0,180.1471
0,140.378
0,117.51308
0,128.63211
0,121.32068
0,116.10126
0,139.02191
0,118.39091
0,121.69694
0,95.23666
0,115.39415
0,140.97357
0,123.849556
0,131.90842
0,166.69875
0,108.487274
0,123.16423
0,162.35684
0,113.412
0,147.67717
0,114.89418
0,290.1341
0,128.51956
0,167.79793
0,118.9499
0,130.33383
0,151.56047
0,145.55063
0,333.19263
0,99.84749
0,133.47498
0,147.48547
0,126.003235
0,209.01384
0,161.44273
0,110.43309
0,136.40045
0,136.81454
0,112.658485
0,111.40708
0,119.9856
0,122.36325
0,124.46347
0,119.84509
0,121.17157
0,126.138824
0,141.8742
0,121.34048
0,134.88808
0,130.62143
0,174.89076
0,134.57999
0,141.4371
0,124.33523
0,125.69273
0,95.98358
0,126.51635
0,112.85559
0,143.8257
0,171.05455
0,130.2394
0,100.74794
0,146.62015
0,115.862
0,175.82872
0,200.21579
0,125.561935
0,132.2926
0,125.25519
0,149.80469
0,122.91115
0,141.53773
0,126.13906
0,134.83597
0,115.720276
0,127.51168
0,106.01581
0,224.79065
0,174.64868
0,163.26807
0,137.74727
0,115.0134
0,133.76694
0,113.29195
0,108.8056
0,121.77582
0,118.68616
0,145.95692
0,114.62236
0,119.41978
0,119.76529
0,146.77829
0,161.98105
0,112.123634
0,137.60298
0,157.1149
0,117.46467
0,342.14636
0,120.75928
0,180.42719
0,123.28823
0,127.87552
0,124.80902
0,104.987
0,123.1409
0,122.59587
0,104.90652
0,116.47807
0,145.80316
0,123.61238
0,153.76508
0,123.24812
0,111.13728
0,114.83471
0,129.6054
0,128.05334
0,139.16592
0,116.37623
0,121.52849
0,130.01915
0,112.88579
0,151.50409
0,118.287025
0,204.08174
0,113.02628
0,137.66992
0,150.03316
0,110.5765
0,117.62332
0,127.22788
0,107.76136
0,103.2769
0,112.50311
0,125.73169
0,120.035515
0,135.95853
0,127.44913
0,135.58997
0,116.206085
0,135.20805
0,99.590805
0,116.52893
0,111.133316
0,101.1005
0,97.90023
0,133.50876
0,117.532
0,151.86836
0,130.94954
0,139.03731
0,132.70473
0,130.26431
0,125.397415
0,109.54518
0,133.8248
0,131.39107
0,130.79623
0,119.95212
0,106.98176
0,119.877945
0,115.33625
0,133.25706
0,144.16464
0,124.72099
0,156.1223
0,132.17654
0,109.1093
0,166.61
0,126.06023
0,111.42107
0,132.76422
0,148.336
0,114.54115
0,140.53229
0,118.47276
0,145.60498
0,216.97128
0,143.10551
0,119.44642
0,114.953735
0,124.746544
0,152.92662
0,152.91115
0,128.62762
0,126.4518
0,148.01698
0,141.50113
0,98.99902
0,138.76459
0,170.21735
0,138.32877
0,140.68753
0,148.37354
0,144.59673
0,125.352684
0,125.308
0,126.736626
0,161.78522
0,127.836105
0,117.64524
0,159.71802
0,147.50418
